"pdb","site","residue","K","RSA","WCN"
"1AKO",1,"M",0.0781231253979484,0.308036,1.95754111559244
"1AKO",2,"K",0.398168798208063,0.148305,1.99999985391891
"1AKO",3,"F",1.22361373736796,0.004167,2.39429907818642
"1AKO",4,"V",0.626974619016705,0.005747,2.47156505212901
"1AKO",5,"S",0.252140821320528,0.006452,2.78521472260347
"1AKO",6,"F",0.0923820388686319,0,2.53539222031638
"1AKO",7,"N",0.0191961083158298,0,2.58143021967209
"1AKO",8,"I",0.151063424366415,0,2.39597684896684
"1AKO",9,"N",0.0191961083158298,0.087179,2.00564456608621
"1AKO",10,"G",0.15192313491159,0.115385,2.15533068740934
"1AKO",11,"L",0.717489857844387,0.024876,2.15356070454192
"1AKO",12,"R",0.272159795443882,0.514599,1.49941439593713
"1AKO",13,"A",0.251403926567521,0.310078,1.59330469940284
"1AKO",14,"R",0.35665706045534,0.10219,1.98819942684287
"1AKO",15,"P",1.10890378748322,0.415094,1.58501776728174
"1AKO",16,"H",1.4627360847187,0.258929,1.69115005932966
"1AKO",17,"Q",0.423100404018129,0,2.14424941666843
"1AKO",18,"L",0.275353006040246,0.039801,2.11996171580643
"1AKO",19,"E",1.83118346122215,0.430493,1.45729010241153
"1AKO",20,"A",1.53888187586275,0.155039,1.84396282071011
"1AKO",21,"I",1.22496471108181,0,2.30062120215222
"1AKO",22,"V",0.552671064755176,0.068966,1.8643318228166
"1AKO",23,"E",3.04705980368354,0.668161,1.25270495701427
"1AKO",24,"K",1.70222687944594,0.394068,1.60874659716955
"1AKO",25,"H",1.7550376700781,0.066964,1.97417300078058
"1AKO",26,"Q",1.80539214486691,0.488889,1.35234028132803
"1AKO",27,"P",0.234823794624866,0,2.18717081718227
"1AKO",28,"D",0.110767562956154,0.305699,1.79591716906372
"1AKO",29,"V",0.982035074173864,0.017241,2.37436568774187
"1AKO",30,"I",0.647239224724395,0,2.40941139596758
"1AKO",31,"G",0.354814823572823,0,2.79288562583654
"1AKO",32,"L",0.76624772733501,0,2.50032925685074
"1AKO",33,"Q",0.0191961083158298,0,2.78076171761067
"1AKO",34,"E",0.0191961083158298,0.143498,2.20665715776143
"1AKO",35,"T",0.653380014332786,0.017442,2.3939641880646
"1AKO",36,"K",0.0298688006552131,0.309322,1.86418878206352
"1AKO",37,"V",0.500351537291686,0.028736,1.91937979206691
"1AKO",38,"H",1.05891776007092,0.325893,1.33404733457691
"1AKO",39,"D",0.808864807217242,0.186528,1.67408742243612
"1AKO",40,"D",1.14059026186252,0.735751,1.01142191845462
"1AKO",41,"M",1.27114344893691,0.383929,1.31963824603288
"1AKO",42,"F",0.375570692449184,0.0625,2.05131566571229
"1AKO",43,"P",0.851850334475978,0.106918,1.84372687711487
"1AKO",44,"L",1.54625082339282,0.447761,1.45389850935503
"1AKO",45,"E",2.68229690094512,0.748879,1.1027075694347
"1AKO",46,"E",2.36174768338712,0.533632,1.40112506888902
"1AKO",47,"V",1.09355181346224,0.011494,1.97560250810137
"1AKO",48,"A",1.41606608369493,0.472868,1.41140749384419
"1AKO",49,"K",1.81890188200537,0.788136,1.0846340692976
"1AKO",50,"L",1.13113344586559,0.263682,1.70772856808415
"1AKO",51,"G",0.189750398899277,0.471154,1.54584335977469
"1AKO",52,"Y",0.0297705480214788,0.038023,1.99139523312389
"1AKO",53,"N",1.67889187893406,0.353846,1.59062390237077
"1AKO",54,"V",0.937207310032611,0.189655,2.03512700222851
"1AKO",55,"F",1.15618786746783,0.291667,1.9291998250598
"1AKO",56,"Y",0.74598312162732,0.193916,1.87453869257164
"1AKO",57,"H",0.598849802610275,0.080357,1.8235340190898
"1AKO",58,"G",0.172924635372286,0.057692,2.16751791172368
"1AKO",59,"Q",0.231753399820671,0.271111,1.47098007568027
"1AKO",60,"K",0.0297582664422621,0.644068,1.13342848002017
"1AKO",61,"G",0.570847801996013,0.326923,1.62741182129309
"1AKO",62,"H",0.111578147184462,0.482143,1.37020178189505
"1AKO",63,"Y",0.0933400020475409,0.205323,1.85421895244336
"1AKO",64,"G",0.0191961083158298,0,2.46523668220786
"1AKO",65,"V",0.0932294678345899,0,2.55445127409205
"1AKO",66,"A",0.0918662125415271,0,2.4343300818322
"1AKO",67,"L",0.920995625466459,0.0199,2.45464500105818
"1AKO",68,"L",0.318092901714646,0,2.30363476976616
"1AKO",69,"T",0.894590230150379,0.034884,2.14687267355978
"1AKO",70,"K",0.630045013820901,0.34322,1.52478017398248
"1AKO",71,"E",3.1391716478094,0.569507,1.35665243778431
"1AKO",72,"T",1.87539714640256,0.563953,1.33413805506826
"1AKO",73,"P",0.639010566649152,0.257862,1.87730384725135
"1AKO",74,"I",2.31016505067664,0.477157,1.47366442176708
"1AKO",75,"A",1.87662530432424,0.356589,1.51791386995399
"1AKO",76,"V",0.747579726925502,0.281609,1.94697287026096
"1AKO",77,"R",3.02249664524998,0.339416,1.61880235428039
"1AKO",78,"R",0.972946705553446,0.30292,1.62504340425094
"1AKO",79,"G",0.23064805769116,0,2.23055539309907
"1AKO",80,"F",0.64699359314006,0.0375,2.10654903518095
"1AKO",81,"P",0.817953175837661,0.490566,1.47503874322116
"1AKO",82,"G",1.15692476222084,0.817308,1.33423261186899
"1AKO",83,"D",0.888817887918491,0.119171,1.90895560286413
"1AKO",84,"D",2.1492763629368,0.471503,1.48974328428898
"1AKO",85,"E",1.83855240875222,0.484305,1.14286842454022
"1AKO",86,"E",0.77300259590424,0.331839,1.6268109173087
"1AKO",87,"A",1.69608608983755,0.062016,2.0328952853528
"1AKO",88,"Q",0.193434872664312,0.128889,1.67180879081929
"1AKO",89,"R",0.528721985282452,0.189781,1.7041276737202
"1AKO",90,"R",0.0191961083158298,0.069343,2.2211040188428
"1AKO",91,"I",0.696856804760193,0.015228,2.35483545898964
"1AKO",92,"I",0.209892188814799,0,2.40712577739871
"1AKO",93,"M",0.513492827053643,0.053571,2.07470405039892
"1AKO",94,"A",0.83883186050619,0.015504,2.27566992967002
"1AKO",95,"E",0.595533776221744,0.331839,1.69482739190484
"1AKO",96,"I",1.6260810883019,0.020305,2.10903192991205
"1AKO",97,"P",3.03969085615347,0.27044,1.63665992005898
"1AKO",98,"S",1.59169266649491,0.445161,1.52432193137477
"1AKO",99,"L",3.15145322702618,0.820896,0.904805883231454
"1AKO",100,"L",5.05141353186231,0.835821,0.926879273371788
"1AKO",101,"G",0.484999563270709,0.346154,1.44071444541524
"1AKO",102,"N",3.11952112106255,0.328205,1.50664035842197
"1AKO",103,"V",1.48238661146555,0.063218,2.08115485196013
"1AKO",104,"T",0.484753931686374,0.075581,2.08015530410215
"1AKO",105,"V",1.15827573593468,0,2.4461511949792
"1AKO",106,"I",1.2490366063467,0.015228,2.38366864664217
"1AKO",107,"N",0.528353537905949,0,2.71054214866287
"1AKO",108,"G",0.529704511619795,0.019231,2.71445900493885
"1AKO",109,"Y",0.0191961083158298,0.091255,2.38496278160592
"1AKO",110,"F",0.235683505170041,0.008333,2.50840466140693
"1AKO",111,"P",0.0514475353390985,0.050314,2.2503002342676
"1AKO",112,"Q",0.0298810822344299,0.302222,1.95954868545344
"1AKO",113,"G",0.252386452904864,0.028846,2.18908011345363
"1AKO",114,"E",0.540021038161891,0.390135,1.49161080036078
"1AKO",115,"S",0.993088495468968,0.109677,1.5767259679953
"1AKO",116,"R",1.40255634655647,0.354015,1.30929402843058
"1AKO",117,"D",2.28805820808643,0.65285,1.0532991856519
"1AKO",118,"H",0.756790911338088,0.21875,1.47014634093599
"1AKO",119,"P",0.591358039288039,0.704403,1.1190932055996
"1AKO",120,"I",1.77468819682496,0.634518,1.18558237207329
"1AKO",121,"K",0.0743526805783964,0.423729,1.55010944802058
"1AKO",122,"F",0.375202245072681,0.095833,1.79433359930249
"1AKO",123,"P",1.23921134297327,0.421384,1.48902577777417
"1AKO",124,"A",0.313794348988772,0.255814,1.79875476216109
"1AKO",125,"K",0.0522581195674061,0,2.26798037423716
"1AKO",126,"A",1.07770857627259,0.232558,1.7465201255442
"1AKO",127,"Q",3.10232691015906,0.431111,1.43595697937416
"1AKO",128,"F",0.172310556411447,0.058333,2.27812013293511
"1AKO",129,"Y",0.215050452085847,0.003802,2.27295948200583
"1AKO",130,"Q",2.32490294573677,0.466667,1.45969679659212
"1AKO",131,"N",0.929347099333871,0.246154,1.71058201725557
"1AKO",132,"L",0.295863243332271,0.004975,2.24482606115239
"1AKO",133,"Q",1.76363477552985,0.031111,1.86022751606493
"1AKO",134,"N",5.23072458842733,0.394872,1.41982432807393
"1AKO",135,"Y",0.674995593754322,0.159696,1.88286616772687
"1AKO",136,"L",0.457611641617286,0,2.09080707652173
"1AKO",137,"E",2.94757901202761,0.479821,1.44799635140268
"1AKO",138,"T",5.28599169490284,0.540698,1.21658349961129
"1AKO",139,"E",2.40596136856753,0.542601,1.33767546189374
"1AKO",140,"L",0.785652622497525,0.074627,1.87084592644665
"1AKO",141,"K",2.53491795034374,0.542373,1.17495844287301
"1AKO",142,"R",3.15759401663457,0.5,1.29915546129153
"1AKO",143,"D",2.88371480010034,0.683938,1.1533132718432
"1AKO",144,"N",1.02219583821274,0.348718,1.52679340345039
"1AKO",145,"P",1.22447344791313,0.238994,1.83851601305645
"1AKO",146,"V",1.05904057586309,0,2.23360308842021
"1AKO",147,"L",1.72679003787951,0,2.54020961880831
"1AKO",148,"I",1.25149292219005,0,2.45079192152904
"1AKO",149,"M",0.46412087860218,0,2.70177081298421
"1AKO",150,"G",0.0191961083158298,0,2.8800014618823
"1AKO",151,"D",0.0191961083158298,0.010363,2.62487709670525
"1AKO",152,"M",0.978841863577501,0,2.59165720206365
"1AKO",153,"N",0.0191961083158298,0.051282,2.42972890752896
"1AKO",154,"I",0.21038345198347,0,2.36540383908357
"1AKO",155,"S",0.231139320859832,0,2.40024832012916
"1AKO",156,"P",0.375447876657016,0.056604,2.31237040833851
"1AKO",157,"T",2.2389318912193,0.331395,1.76584816509089
"1AKO",158,"D",0.612727987125239,0.414508,1.51410151754167
"1AKO",159,"L",1.37799318812291,0.318408,1.60553211330628
"1AKO",160,"D",0.0191961083158298,0,2.30370379320707
"1AKO",161,"I",0.254105873995213,0.106599,1.98522987251943
"1AKO",162,"G",0.04163455354489,0.173077,1.92380843443005
"1AKO",163,"I",0.0894713045942546,0.076142,1.80809569568306
"1AKO",164,"G",0.04163455354489,0.355769,1.50795429214554
"1AKO",165,"E",1.22471907949747,0.470852,1.17151734664775
"1AKO",166,"E",1.60151792986833,0.744395,0.956907995371231
"1AKO",167,"N",0.693540778371662,0.287179,1.35219969536347
"1AKO",168,"R",0.497403958279659,0.160584,1.4872610508173
"1AKO",169,"K",0.919030572791774,0.40678,1.07867983488993
"1AKO",170,"R",0.90969657258702,0.408759,1.17082388716288
"1AKO",171,"W",0.0742298647862286,0.077193,1.73873624511136
"1AKO",172,"L",0.0904292677731636,0.243781,1.53444554764222
"1AKO",173,"R",1.09576249772126,0.664234,1.02030761881575
"1AKO",174,"T",1.61011503532008,0.476744,1.16345358929322
"1AKO",175,"G",0.895327124903386,0.028846,1.6522692038169
"1AKO",176,"K",0.254719952956052,0.338983,1.61419987705502
"1AKO",177,"C",0.359850271051704,0,2.12560767133152
"1AKO",178,"S",0.153396924417603,0.019355,2.19924770194929
"1AKO",179,"F",0.21038345198347,0.016667,2.00777725995631
"1AKO",180,"L",0.802109938648013,0,1.88396039026647
"1AKO",181,"P",0.595042513053073,0.490566,1.44775790262057
"1AKO",182,"E",0.664679067212225,0.224215,1.5338959748678
"1AKO",183,"E",0.190610109444452,0,2.20590065807401
"1AKO",184,"R",0.0191961083158298,0.167883,1.88418899425664
"1AKO",185,"E",2.22419399615917,0.533632,1.31305842751117
"1AKO",186,"W",0.46694564182204,0.087719,1.93784154699735
"1AKO",187,"M",0.918784941207439,0,2.27016648758858
"1AKO",188,"D",2.2168250486291,0.46114,1.53741704667784
"1AKO",189,"R",2.71791348067379,0.379562,1.42242681183798
"1AKO",190,"L",0.60253427637531,0,2.21080780973448
"1AKO",191,"M",1.39150292526137,0.191964,2.01125191781414
"1AKO",192,"S",3.16373480624296,0.6,1.5014998445004
"1AKO",193,"W",1.02575749618561,0.094737,1.88253029566308
"1AKO",194,"G",0.0298442374967795,0.105769,1.84018211059312
"1AKO",195,"L",0.697470883721032,0.054726,2.26076206138517
"1AKO",196,"V",1.89259135730606,0.189655,1.95748612834702
"1AKO",197,"D",0.189873214691445,0.051813,2.28393392168814
"1AKO",198,"T",0.77300259590424,0.02907,2.43126346888518
"1AKO",199,"F",1.05842649690225,0.079167,2.14372362202809
"1AKO",200,"R",0.0734561252955713,0.127737,1.94532007613049
"1AKO",201,"H",1.97733425390185,0.629464,1.54105352929995
"1AKO",202,"A",1.22594723741915,0.418605,1.81353536302314
"1AKO",203,"N",1.26254634348516,0.251282,1.77370168066484
"1AKO",204,"P",0.353218218274642,0.566038,1.37127838764585
"1AKO",205,"Q",2.30279610314657,0.791111,1.05919715255848
"1AKO",206,"T",3.16864743792968,0.197674,1.6166410699414
"1AKO",207,"A",2.41578663194096,0.44186,1.51055904439504
"1AKO",208,"D",1.25149292219005,0.404145,1.33968567045264
"1AKO",209,"R",2.24998531251441,0.361314,1.62716462280825
"1AKO",210,"F",0.458716983746796,0.020833,2.09681936827614
"1AKO",211,"S",0.415240193319389,0,2.65166855796484
"1AKO",212,"W",0.029819674338346,0.154386,2.13345352316282
"1AKO",213,"F",0.0298810822344299,0,2.15616060997656
"1AKO",214,"D",0.0521721485128886,0.170984,1.63318970173775
"1AKO",215,"Y",0.0297582664422621,0.307985,1.66295611158394
"1AKO",216,"R",0.171205214281937,0.631387,1.20941155643265
"1AKO",217,"S",0.531915195878815,0.36129,1.37470053544797
"1AKO",218,"K",1.26623081725019,0.580508,1.05232665286315
"1AKO",219,"G",0.233350005118852,0,1.84686334467808
"1AKO",220,"F",0.0929101467749535,0.15,1.80153765072675
"1AKO",221,"D",1.63959082544036,0.65285,1.16979160345726
"1AKO",222,"D",0.973437968722117,0.549223,1.20611774377539
"1AKO",223,"N",0.375570692449184,0.210256,1.61694074899353
"1AKO",224,"R",1.01568660122785,0.273723,1.4706981407769
"1AKO",225,"G",0.0191961083158298,0,2.22848047939597
"1AKO",226,"L",0.152045950703757,0,2.22304410240706
"1AKO",227,"R",0.0191961083158298,0.010949,2.38897002399867
"1AKO",228,"I",0.0297582664422621,0.015228,2.55367475056271
"1AKO",229,"D",0.0191961083158298,0.015544,2.75165362056383
"1AKO",230,"L",0.272896690196889,0.00995,2.56602466713502
"1AKO",231,"L",0.823234254900877,0.024876,2.64213810254161
"1AKO",232,"L",0.884150887816114,0,2.46804833375889
"1AKO",233,"A",0.927627678243521,0,2.44408879630266
"1AKO",234,"S",0.310846769976745,0,2.19394413702451
"1AKO",235,"Q",3.09495796262899,0.448889,1.40306481788235
"1AKO",236,"P",2.81370979856469,0.283019,1.77590321753969
"1AKO",237,"L",0.497158326695323,0.109453,2.17825900226495
"1AKO",238,"A",2.0424266237508,0.124031,2.0513369088205
"1AKO",239,"E",3.15145322702618,0.636771,1.20744701124547
"1AKO",240,"C",2.40104873688082,0.197605,1.65221644559915
"1AKO",241,"C",0.98117536362869,0.209581,2.13052779364315
"1AKO",242,"V",5.30318590580634,0.557471,1.53200591996228
"1AKO",243,"E",1.93189241079976,0.443946,1.58241845094934
"1AKO",244,"T",1.02723128569162,0.122093,2.15512552742851
"1AKO",245,"G",2.2671795234179,0.096154,2.17647195679444
"1AKO",246,"I",0.394607140235196,0.096447,2.29866165701733
"1AKO",247,"D",0.587059486562165,0.020725,2.03008594272096
"1AKO",248,"Y",1.37799318812291,0.190114,1.84537552152297
"1AKO",249,"E",2.15664531046687,0.596413,1.32243612191786
"1AKO",250,"I",0.990018100664773,0.020305,2.12968775847195
"1AKO",251,"R",0.58509443388748,0.058394,2.07175387476597
"1AKO",252,"S",1.19499765779286,0.529032,1.40831296162329
"1AKO",253,"M",0.874571256027024,0.254464,1.71932265400621
"1AKO",254,"E",0.906994625159328,0.7713,1.17196838102004
"1AKO",255,"K",0.329023507217582,0.559322,1.32704758316438
"1AKO",256,"P",0.202646057076898,0.169811,1.78234574763608
"1AKO",257,"S",0.0191961083158298,0,2.39159179679776
"1AKO",258,"D",0.0191961083158298,0.11399,2.10749967778165
"1AKO",259,"H",0.0191961083158298,0.026786,2.5357667604588
"1AKO",260,"A",0.231016505067664,0,2.42290624105221
"1AKO",261,"P",0.0191961083158298,0.012579,2.48110679301805
"1AKO",262,"V",0.661977119784533,0.034483,2.62556435215561
"1AKO",263,"W",0.945313152315687,0.115789,2.10054735242437
"1AKO",264,"A",1.08384936588098,0,2.46027690384903
"1AKO",265,"T",2.3740292626039,0.133721,1.89753201381833
"1AKO",266,"F",0.905643651445482,0.045833,2.25588228625777
"1AKO",267,"R",0.982157889966032,0.708029,1.25480428430486
"1AKO",268,"R",1.22643850058782,1,1.19595836932839
